poke_id,game_id
1,1
1,2
1,3
4,1
4,2
4,3
7,1
7,2
7,3
10,1
10,2
10,3
13,1
13,2
13,3
16,1
16,2
16,3
19,1
19,2
19,3
21,1
21,2
21,3
23,1
23,2
23,3
27,1
27,2
27,3
29,1
29,2
29,3
32,1
32,2
32,3
37,1
37,2
37,3
41,1
41,2
41,3
43,1
43,2
43,3
46,1
46,2
46,3
48,1
48,2
48,3
50,1
50,2
50,3
52,1
52,2
52,3
54,1
54,2
54,3
56,1
56,2
56,3
58,1
58,2
58,3
60,1
60,2
60,3
63,1
63,2
63,3
66,1
66,2
66,3
69,1
69,2
69,3
72,1
72,2
72,3
74,1
74,2
74,3
77,1
77,2
77,3
79,1
79,2
79,3
81,1
81,2
81,3
83,1
83,2
83,3
84,1
84,2
84,3
86,1
86,2
86,3
88,1
88,2
88,3
90,1
90,2
90,3
92,1
92,2
92,3
95,1
95,2
95,3
96,1
96,2
96,3
98,1
98,2
98,3
100,1
100,2
100,3
102,1
102,2
102,3
104,1
104,2
104,3
108,1
108,2
108,3
109,1
109,2
109,3
111,1
111,2
111,3
114,1
114,2
114,3
115,1
115,2
115,3
116,1
116,2
116,3
118,1
118,2
118,3
120,1
120,2
120,3
123,1
123,2
123,3
127,1
127,2
127,3
128,1
128,2
128,3
129,1
129,2
129,3
131,1
131,2
131,3
132,1
132,2
132,3
133,1
133,2
133,3
137,1
137,2
137,3
138,1
138,2
138,3
140,1
140,2
140,3
142,1
142,2
142,3
144,1
144,2
144,3
145,1
145,2
145,3
146,1
146,2
146,3
147,1
147,2
147,3
150,1
150,2
150,3
151,1
151,2
151,3
2,1
2,2
2,3
3,1
3,2
3,3
5,1
5,2
5,3
6,1
6,2
6,3
8,1
8,2
8,3
9,1
9,2
9,3
11,1
11,2
11,3
12,1
12,2
12,3
14,1
14,2
14,3
15,1
15,2
15,3
17,1
17,2
17,3
18,1
18,2
18,3
20,1
20,2
20,3
22,1
22,2
22,3
24,1
24,2
24,3
25,1
25,2
25,3
26,1
26,2
26,3
28,1
28,2
28,3
30,1
30,2
30,3
31,1
31,2
31,3
33,1
33,2
33,3
34,1
34,2
34,3
35,1
35,2
35,3
36,1
36,2
36,3
38,1
38,2
38,3
39,1
39,2
39,3
40,1
40,2
40,3
42,1
42,2
42,3
44,1
44,2
44,3
45,1
45,2
45,3
47,1
47,2
47,3
49,1
49,2
49,3
51,1
51,2
51,3
53,1
53,2
53,3
55,1
55,2
55,3
57,1
57,2
57,3
59,1
59,2
59,3
61,1
61,2
61,3
62,1
62,2
62,3
64,1
64,2
64,3
65,1
65,2
65,3
67,1
67,2
67,3
68,1
68,2
68,3
70,1
70,2
70,3
71,1
71,2
71,3
73,1
73,2
73,3
75,1
75,2
75,3
76,1
76,2
76,3
78,1
78,2
78,3
80,1
80,2
80,3
82,1
82,2
82,3
85,1
85,2
85,3
87,1
87,2
87,3
89,1
89,2
89,3
91,1
91,2
91,3
93,1
93,2
93,3
94,1
94,2
94,3
97,1
97,2
97,3
99,1
99,2
99,3
101,1
101,2
101,3
103,1
103,2
103,3
105,1
105,2
105,3
106,1
106,2
106,3
107,1
107,2
107,3
110,1
110,2
110,3
112,1
112,2
112,3
113,1
113,2
113,3
117,1
117,2
117,3
119,1
119,2
119,3
121,1
121,2
121,3
122,1
122,2
122,3
124,1
124,2
124,3
125,1
125,2
125,3
126,1
126,2
126,3
130,1
130,2
130,3
134,1
134,2
134,3
135,1
135,2
135,3
136,1
136,2
136,3
139,1
139,2
139,3
141,1
141,2
141,3
143,1
143,2
143,3
148,1
148,2
148,3
149,1
149,2
149,3
152,4
152,5
152,6
155,4
155,5
155,6
158,4
158,5
158,6
161,4
161,5
161,6
163,4
163,5
163,6
165,4
165,5
165,6
167,4
167,5
167,6
170,4
170,5
170,6
172,4
172,5
172,6
173,4
173,5
173,6
174,4
174,5
174,6
175,4
175,5
175,6
177,4
177,5
177,6
179,4
179,5
179,6
187,4
187,5
187,6
190,4
190,5
190,6
191,4
191,5
191,6
193,4
193,5
193,6
194,4
194,5
194,6
198,4
198,5
198,6
200,4
200,5
200,6
201,4
201,5
201,6
203,4
203,5
203,6
204,4
204,5
204,6
206,4
206,5
206,6
207,4
207,5
207,6
209,4
209,5
209,6
211,4
211,5
211,6
213,4
213,5
213,6
214,4
214,5
214,6
215,4
215,5
215,6
216,4
216,5
216,6
218,4
218,5
218,6
220,4
220,5
220,6
222,4
222,5
222,6
223,4
223,5
223,6
225,4
225,5
225,6
227,4
227,5
227,6
228,4
228,5
228,6
231,4
231,5
231,6
234,4
234,5
234,6
235,4
235,5
235,6
236,4
236,5
236,6
238,4
238,5
238,6
239,4
239,5
239,6
240,4
240,5
240,6
241,4
241,5
241,6
243,4
243,5
243,6
244,4
244,5
244,6
245,4
245,5
245,6
246,4
246,5
246,6
249,4
249,5
249,6
250,4
250,5
250,6
251,4
251,5
251,6
153,4
153,5
153,6
154,4
154,5
154,6
156,4
156,5
156,6
157,4
157,5
157,6
159,4
159,5
159,6
160,4
160,5
160,6
162,4
162,5
162,6
164,4
164,5
164,6
166,4
166,5
166,6
168,4
168,5
168,6
169,4
169,5
169,6
171,4
171,5
171,6
176,4
176,5
176,6
178,4
178,5
178,6
180,4
180,5
180,6
181,4
181,5
181,6
182,4
182,5
182,6
183,4
183,5
183,6
184,4
184,5
184,6
185,4
185,5
185,6
186,4
186,5
186,6
188,4
188,5
188,6
189,4
189,5
189,6
192,4
192,5
192,6
195,4
195,5
195,6
196,4
196,5
196,6
197,4
197,5
197,6
199,4
199,5
199,6
202,4
202,5
202,6
205,4
205,5
205,6
208,4
208,5
208,6
210,4
210,5
210,6
212,4
212,5
212,6
217,4
217,5
217,6
219,4
219,5
219,6
221,4
221,5
221,6
224,4
224,5
224,6
226,4
226,5
226,6
229,4
229,5
229,6
230,4
230,5
230,6
232,4
232,5
232,6
233,4
233,5
233,6
237,4
237,5
237,6
242,4
242,5
242,6
247,4
247,5
247,6
248,4
248,5
248,6
252,7
252,8
252,9
252,10
252,11
252,19
252,20
255,7
255,8
255,9
255,10
255,11
255,19
255,20
258,7
258,8
258,9
258,10
258,11
258,19
258,20
261,7
261,8
261,9
261,10
261,11
261,19
261,20
263,7
263,8
263,9
263,10
263,11
263,19
263,20
265,7
265,8
265,9
265,10
265,11
265,19
265,20
270,7
270,8
270,9
270,10
270,11
270,19
270,20
273,7
273,8
273,9
273,10
273,11
273,19
273,20
276,7
276,8
276,9
276,10
276,11
276,19
276,20
278,7
278,8
278,9
278,10
278,11
278,19
278,20
280,7
280,8
280,9
280,10
280,11
280,19
280,20
283,7
283,8
283,9
283,10
283,11
283,19
283,20
285,7
285,8
285,9
285,10
285,11
285,19
285,20
287,7
287,8
287,9
287,10
287,11
287,19
287,20
290,7
290,8
290,9
290,10
290,11
290,19
290,20
293,7
293,8
293,9
293,10
293,11
293,19
293,20
296,7
296,8
296,9
296,10
296,11
296,19
296,20
298,7
298,8
298,9
298,10
298,11
298,19
298,20
299,7
299,8
299,9
299,10
299,11
299,19
299,20
300,7
300,8
300,9
300,10
300,11
300,19
300,20
302,7
302,8
302,9
302,10
302,11
302,19
302,20
303,7
303,8
303,9
303,10
303,11
303,19
303,20
304,7
304,8
304,9
304,10
304,11
304,19
304,20
307,7
307,8
307,9
307,10
307,11
307,19
307,20
309,7
309,8
309,9
309,10
309,11
309,19
309,20
311,7
311,8
311,9
311,10
311,11
311,19
311,20
312,7
312,8
312,9
312,10
312,11
312,19
312,20
313,7
313,8
313,9
313,10
313,11
313,19
313,20
314,7
314,8
314,9
314,10
314,11
314,19
314,20
316,7
316,8
316,9
316,10
316,11
316,19
316,20
318,7
318,8
318,9
318,10
318,11
318,19
318,20
320,7
320,8
320,9
320,10
320,11
320,19
320,20
322,7
322,8
322,9
322,10
322,11
322,19
322,20
324,7
324,8
324,9
324,10
324,11
324,19
324,20
325,7
325,8
325,9
325,10
325,11
325,19
325,20
327,7
327,8
327,9
327,10
327,11
327,19
327,20
328,7
328,8
328,9
328,10
328,11
328,19
328,20
331,7
331,8
331,9
331,10
331,11
331,19
331,20
333,7
333,8
333,9
333,10
333,11
333,19
333,20
335,7
335,8
335,9
335,10
335,11
335,19
335,20
336,7
336,8
336,9
336,10
336,11
336,19
336,20
337,7
337,8
337,9
337,10
337,11
337,19
337,20
338,7
338,8
338,9
338,10
338,11
338,19
338,20
339,7
339,8
339,9
339,10
339,11
339,19
339,20
341,7
341,8
341,9
341,10
341,11
341,19
341,20
343,7
343,8
343,9
343,10
343,11
343,19
343,20
345,7
345,8
345,9
345,10
345,11
345,19
345,20
347,7
347,8
347,9
347,10
347,11
347,19
347,20
349,7
349,8
349,9
349,10
349,11
349,19
349,20
351,7
351,8
351,9
351,10
351,11
351,19
351,20
352,7
352,8
352,9
352,10
352,11
352,19
352,20
353,7
353,8
353,9
353,10
353,11
353,19
353,20
355,7
355,8
355,9
355,10
355,11
355,19
355,20
357,7
357,8
357,9
357,10
357,11
357,19
357,20
359,7
359,8
359,9
359,10
359,11
359,19
359,20
360,7
360,8
360,9
360,10
360,11
360,19
360,20
361,7
361,8
361,9
361,10
361,11
361,19
361,20
363,7
363,8
363,9
363,10
363,11
363,19
363,20
366,7
366,8
366,9
366,10
366,11
366,19
366,20
369,7
369,8
369,9
369,10
369,11
369,19
369,20
370,7
370,8
370,9
370,10
370,11
370,19
370,20
371,7
371,8
371,9
371,10
371,11
371,19
371,20
374,7
374,8
374,9
374,10
374,11
374,19
374,20
377,7
377,8
377,9
377,10
377,11
377,19
377,20
378,7
378,8
378,9
378,10
378,11
378,19
378,20
379,7
379,8
379,9
379,10
379,11
379,19
379,20
380,7
380,8
380,9
380,10
380,11
380,19
380,20
381,7
381,8
381,9
381,10
381,11
381,19
381,20
382,7
382,8
382,9
382,10
382,11
382,19
382,20
383,7
383,8
383,9
383,10
383,11
383,19
383,20
384,7
384,8
384,9
384,10
384,11
384,19
384,20
385,7
385,8
385,9
385,10
385,11
385,19
385,20
386,7
386,8
386,9
386,10
386,11
386,19
386,20
253,7
253,8
253,9
253,10
253,11
253,19
253,20
254,7
254,8
254,9
254,10
254,11
254,19
254,20
256,7
256,8
256,9
256,10
256,11
256,19
256,20
257,7
257,8
257,9
257,10
257,11
257,19
257,20
259,7
259,8
259,9
259,10
259,11
259,19
259,20
260,7
260,8
260,9
260,10
260,11
260,19
260,20
262,7
262,8
262,9
262,10
262,11
262,19
262,20
264,7
264,8
264,9
264,10
264,11
264,19
264,20
266,7
266,8
266,9
266,10
266,11
266,19
266,20
267,7
267,8
267,9
267,10
267,11
267,19
267,20
268,7
268,8
268,9
268,10
268,11
268,19
268,20
269,7
269,8
269,9
269,10
269,11
269,19
269,20
271,7
271,8
271,9
271,10
271,11
271,19
271,20
272,7
272,8
272,9
272,10
272,11
272,19
272,20
274,7
274,8
274,9
274,10
274,11
274,19
274,20
275,7
275,8
275,9
275,10
275,11
275,19
275,20
277,7
277,8
277,9
277,10
277,11
277,19
277,20
279,7
279,8
279,9
279,10
279,11
279,19
279,20
281,7
281,8
281,9
281,10
281,11
281,19
281,20
282,7
282,8
282,9
282,10
282,11
282,19
282,20
284,7
284,8
284,9
284,10
284,11
284,19
284,20
286,7
286,8
286,9
286,10
286,11
286,19
286,20
288,7
288,8
288,9
288,10
288,11
288,19
288,20
289,7
289,8
289,9
289,10
289,11
289,19
289,20
291,7
291,8
291,9
291,10
291,11
291,19
291,20
292,7
292,8
292,9
292,10
292,11
292,19
292,20
294,7
294,8
294,9
294,10
294,11
294,19
294,20
295,7
295,8
295,9
295,10
295,11
295,19
295,20
297,7
297,8
297,9
297,10
297,11
297,19
297,20
301,7
301,8
301,9
301,10
301,11
301,19
301,20
305,7
305,8
305,9
305,10
305,11
305,19
305,20
306,7
306,8
306,9
306,10
306,11
306,19
306,20
308,7
308,8
308,9
308,10
308,11
308,19
308,20
310,7
310,8
310,9
310,10
310,11
310,19
310,20
315,7
315,8
315,9
315,10
315,11
315,19
315,20
317,7
317,8
317,9
317,10
317,11
317,19
317,20
319,7
319,8
319,9
319,10
319,11
319,19
319,20
321,7
321,8
321,9
321,10
321,11
321,19
321,20
323,7
323,8
323,9
323,10
323,11
323,19
323,20
326,7
326,8
326,9
326,10
326,11
326,19
326,20
329,7
329,8
329,9
329,10
329,11
329,19
329,20
330,7
330,8
330,9
330,10
330,11
330,19
330,20
332,7
332,8
332,9
332,10
332,11
332,19
332,20
334,7
334,8
334,9
334,10
334,11
334,19
334,20
340,7
340,8
340,9
340,10
340,11
340,19
340,20
342,7
342,8
342,9
342,10
342,11
342,19
342,20
344,7
344,8
344,9
344,10
344,11
344,19
344,20
346,7
346,8
346,9
346,10
346,11
346,19
346,20
348,7
348,8
348,9
348,10
348,11
348,19
348,20
350,7
350,8
350,9
350,10
350,11
350,19
350,20
354,7
354,8
354,9
354,10
354,11
354,19
354,20
356,7
356,8
356,9
356,10
356,11
356,19
356,20
358,7
358,8
358,9
358,10
358,11
358,19
358,20
362,7
362,8
362,9
362,10
362,11
362,19
362,20
364,7
364,8
364,9
364,10
364,11
364,19
364,20
365,7
365,8
365,9
365,10
365,11
365,19
365,20
367,7
367,8
367,9
367,10
367,11
367,19
367,20
368,7
368,8
368,9
368,10
368,11
368,19
368,20
372,7
372,8
372,9
372,10
372,11
372,19
372,20
373,7
373,8
373,9
373,10
373,11
373,19
373,20
375,7
375,8
375,9
375,10
375,11
375,19
375,20
376,7
376,8
376,9
376,10
376,11
376,19
376,20
387,12
387,13
387,14
387,15
387,16
390,12
390,13
390,14
390,15
390,16
393,12
393,13
393,14
393,15
393,16
396,12
396,13
396,14
396,15
396,16
399,12
399,13
399,14
399,15
399,16
401,12
401,13
401,14
401,15
401,16
403,12
403,13
403,14
403,15
403,16
406,12
406,13
406,14
406,15
406,16
408,12
408,13
408,14
408,15
408,16
410,12
410,13
410,14
410,15
410,16
412,12
412,13
412,14
412,15
412,16
415,12
415,13
415,14
415,15
415,16
417,12
417,13
417,14
417,15
417,16
418,12
418,13
418,14
418,15
418,16
420,12
420,13
420,14
420,15
420,16
422,12
422,13
422,14
422,15
422,16
425,12
425,13
425,14
425,15
425,16
427,12
427,13
427,14
427,15
427,16
431,12
431,13
431,14
431,15
431,16
433,12
433,13
433,14
433,15
433,16
434,12
434,13
434,14
434,15
434,16
436,12
436,13
436,14
436,15
436,16
438,12
438,13
438,14
438,15
438,16
439,12
439,13
439,14
439,15
439,16
440,12
440,13
440,14
440,15
440,16
441,12
441,13
441,14
441,15
441,16
442,12
442,13
442,14
442,15
442,16
443,12
443,13
443,14
443,15
443,16
446,12
446,13
446,14
446,15
446,16
447,12
447,13
447,14
447,15
447,16
449,12
449,13
449,14
449,15
449,16
451,12
451,13
451,14
451,15
451,16
453,12
453,13
453,14
453,15
453,16
455,12
455,13
455,14
455,15
455,16
456,12
456,13
456,14
456,15
456,16
458,12
458,13
458,14
458,15
458,16
459,12
459,13
459,14
459,15
459,16
479,12
479,13
479,14
479,15
479,16
480,12
480,13
480,14
480,15
480,16
481,12
481,13
481,14
481,15
481,16
482,12
482,13
482,14
482,15
482,16
483,12
483,13
483,14
483,15
483,16
484,12
484,13
484,14
484,15
484,16
485,12
485,13
485,14
485,15
485,16
486,12
486,13
486,14
486,15
486,16
487,12
487,13
487,14
487,15
487,16
488,12
488,13
488,14
488,15
488,16
489,12
489,13
489,14
489,15
489,16
490,12
490,13
490,14
490,15
490,16
491,12
491,13
491,14
491,15
491,16
492,12
492,13
492,14
492,15
492,16
493,12
493,13
493,14
493,15
493,16
388,12
388,13
388,14
388,15
388,16
389,12
389,13
389,14
389,15
389,16
391,12
391,13
391,14
391,15
391,16
392,12
392,13
392,14
392,15
392,16
394,12
394,13
394,14
394,15
394,16
395,12
395,13
395,14
395,15
395,16
397,12
397,13
397,14
397,15
397,16
398,12
398,13
398,14
398,15
398,16
400,12
400,13
400,14
400,15
400,16
402,12
402,13
402,14
402,15
402,16
404,12
404,13
404,14
404,15
404,16
405,12
405,13
405,14
405,15
405,16
407,12
407,13
407,14
407,15
407,16
409,12
409,13
409,14
409,15
409,16
411,12
411,13
411,14
411,15
411,16
413,12
413,13
413,14
413,15
413,16
414,12
414,13
414,14
414,15
414,16
416,12
416,13
416,14
416,15
416,16
419,12
419,13
419,14
419,15
419,16
421,12
421,13
421,14
421,15
421,16
423,12
423,13
423,14
423,15
423,16
424,12
424,13
424,14
424,15
424,16
426,12
426,13
426,14
426,15
426,16
428,12
428,13
428,14
428,15
428,16
429,12
429,13
429,14
429,15
429,16
430,12
430,13
430,14
430,15
430,16
432,12
432,13
432,14
432,15
432,16
435,12
435,13
435,14
435,15
435,16
437,12
437,13
437,14
437,15
437,16
444,12
444,13
444,14
444,15
444,16
445,12
445,13
445,14
445,15
445,16
448,12
448,13
448,14
448,15
448,16
450,12
450,13
450,14
450,15
450,16
452,12
452,13
452,14
452,15
452,16
454,12
454,13
454,14
454,15
454,16
457,12
457,13
457,14
457,15
457,16
460,12
460,13
460,14
460,15
460,16
461,12
461,13
461,14
461,15
461,16
462,12
462,13
462,14
462,15
462,16
463,12
463,13
463,14
463,15
463,16
464,12
464,13
464,14
464,15
464,16
465,12
465,13
465,14
465,15
465,16
466,12
466,13
466,14
466,15
466,16
467,12
467,13
467,14
467,15
467,16
468,12
468,13
468,14
468,15
468,16
469,12
469,13
469,14
469,15
469,16
470,12
470,13
470,14
470,15
470,16
471,12
471,13
471,14
471,15
471,16
472,12
472,13
472,14
472,15
472,16
473,12
473,13
473,14
473,15
473,16
474,12
474,13
474,14
474,15
474,16
475,12
475,13
475,14
475,15
475,16
476,12
476,13
476,14
476,15
476,16
477,12
477,13
477,14
477,15
477,16
478,12
478,13
478,14
478,15
478,16
494,17
494,18
494,21
494,22
495,17
495,18
495,21
495,22
498,17
498,18
498,21
498,22
501,17
501,18
501,21
501,22
504,17
504,18
504,21
504,22
506,17
506,18
506,21
506,22
509,17
509,18
509,21
509,22
511,17
511,18
511,21
511,22
513,17
513,18
513,21
513,22
515,17
515,18
515,21
515,22
517,17
517,18
517,21
517,22
519,17
519,18
519,21
519,22
522,17
522,18
522,21
522,22
524,17
524,18
524,21
524,22
527,17
527,18
527,21
527,22
529,17
529,18
529,21
529,22
531,17
531,18
531,21
531,22
532,17
532,18
532,21
532,22
535,17
535,18
535,21
535,22
538,17
538,18
538,21
538,22
539,17
539,18
539,21
539,22
540,17
540,18
540,21
540,22
543,17
543,18
543,21
543,22
546,17
546,18
546,21
546,22
548,17
548,18
548,21
548,22
550,17
550,18
550,21
550,22
551,17
551,18
551,21
551,22
554,17
554,18
554,21
554,22
556,17
556,18
556,21
556,22
557,17
557,18
557,21
557,22
559,17
559,18
559,21
559,22
561,17
561,18
561,21
561,22
562,17
562,18
562,21
562,22
564,17
564,18
564,21
564,22
566,17
566,18
566,21
566,22
568,17
568,18
568,21
568,22
570,17
570,18
570,21
570,22
572,17
572,18
572,21
572,22
574,17
574,18
574,21
574,22
577,17
577,18
577,21
577,22
580,17
580,18
580,21
580,22
582,17
582,18
582,21
582,22
585,17
585,18
585,21
585,22
587,17
587,18
587,21
587,22
588,17
588,18
588,21
588,22
590,17
590,18
590,21
590,22
592,17
592,18
592,21
592,22
594,17
594,18
594,21
594,22
595,17
595,18
595,21
595,22
597,17
597,18
597,21
597,22
599,17
599,18
599,21
599,22
602,17
602,18
602,21
602,22
605,17
605,18
605,21
605,22
607,17
607,18
607,21
607,22
610,17
610,18
610,21
610,22
613,17
613,18
613,21
613,22
615,17
615,18
615,21
615,22
616,17
616,18
616,21
616,22
618,17
618,18
618,21
618,22
619,17
619,18
619,21
619,22
621,17
621,18
621,21
621,22
622,17
622,18
622,21
622,22
624,17
624,18
624,21
624,22
626,17
626,18
626,21
626,22
627,17
627,18
627,21
627,22
629,17
629,18
629,21
629,22
631,17
631,18
631,21
631,22
632,17
632,18
632,21
632,22
633,17
633,18
633,21
633,22
636,17
636,18
636,21
636,22
638,17
638,18
638,21
638,22
639,17
639,18
639,21
639,22
640,17
640,18
640,21
640,22
641,17
641,18
641,21
641,22
642,17
642,18
642,21
642,22
643,17
643,18
643,21
643,22
644,17
644,18
644,21
644,22
645,17
645,18
645,21
645,22
646,17
646,18
646,21
646,22
647,17
647,18
647,21
647,22
648,17
648,18
648,21
648,22
649,17
649,18
649,21
649,22
496,17
496,18
496,21
496,22
497,17
497,18
497,21
497,22
499,17
499,18
499,21
499,22
500,17
500,18
500,21
500,22
502,17
502,18
502,21
502,22
503,17
503,18
503,21
503,22
505,17
505,18
505,21
505,22
507,17
507,18
507,21
507,22
508,17
508,18
508,21
508,22
510,17
510,18
510,21
510,22
512,17
512,18
512,21
512,22
514,17
514,18
514,21
514,22
516,17
516,18
516,21
516,22
518,17
518,18
518,21
518,22
520,17
520,18
520,21
520,22
521,17
521,18
521,21
521,22
523,17
523,18
523,21
523,22
525,17
525,18
525,21
525,22
526,17
526,18
526,21
526,22
528,17
528,18
528,21
528,22
530,17
530,18
530,21
530,22
533,17
533,18
533,21
533,22
534,17
534,18
534,21
534,22
536,17
536,18
536,21
536,22
537,17
537,18
537,21
537,22
541,17
541,18
541,21
541,22
542,17
542,18
542,21
542,22
544,17
544,18
544,21
544,22
545,17
545,18
545,21
545,22
547,17
547,18
547,21
547,22
549,17
549,18
549,21
549,22
552,17
552,18
552,21
552,22
553,17
553,18
553,21
553,22
555,17
555,18
555,21
555,22
558,17
558,18
558,21
558,22
560,17
560,18
560,21
560,22
563,17
563,18
563,21
563,22
565,17
565,18
565,21
565,22
567,17
567,18
567,21
567,22
569,17
569,18
569,21
569,22
571,17
571,18
571,21
571,22
573,17
573,18
573,21
573,22
575,17
575,18
575,21
575,22
576,17
576,18
576,21
576,22
578,17
578,18
578,21
578,22
579,17
579,18
579,21
579,22
581,17
581,18
581,21
581,22
583,17
583,18
583,21
583,22
584,17
584,18
584,21
584,22
586,17
586,18
586,21
586,22
589,17
589,18
589,21
589,22
591,17
591,18
591,21
591,22
593,17
593,18
593,21
593,22
596,17
596,18
596,21
596,22
598,17
598,18
598,21
598,22
600,17
600,18
600,21
600,22
601,17
601,18
601,21
601,22
603,17
603,18
603,21
603,22
604,17
604,18
604,21
604,22
606,17
606,18
606,21
606,22
608,17
608,18
608,21
608,22
609,17
609,18
609,21
609,22
611,17
611,18
611,21
611,22
612,17
612,18
612,21
612,22
614,17
614,18
614,21
614,22
617,17
617,18
617,21
617,22
620,17
620,18
620,21
620,22
623,17
623,18
623,21
623,22
625,17
625,18
625,21
625,22
628,17
628,18
628,21
628,22
630,17
630,18
630,21
630,22
634,17
634,18
634,21
634,22
635,17
635,18
635,21
635,22
637,17
637,18
637,21
637,22
650,23
650,24
650,25
650,26
653,23
653,24
653,25
653,26
656,23
656,24
656,25
656,26
659,23
659,24
659,25
659,26
661,23
661,24
661,25
661,26
664,23
664,24
664,25
664,26
667,23
667,24
667,25
667,26
669,23
669,24
669,25
669,26
672,23
672,24
672,25
672,26
674,23
674,24
674,25
674,26
676,23
676,24
676,25
676,26
677,23
677,24
677,25
677,26
679,23
679,24
679,25
679,26
682,23
682,24
682,25
682,26
684,23
684,24
684,25
684,26
686,23
686,24
686,25
686,26
688,23
688,24
688,25
688,26
690,23
690,24
690,25
690,26
692,23
692,24
692,25
692,26
694,23
694,24
694,25
694,26
696,23
696,24
696,25
696,26
698,23
698,24
698,25
698,26
701,23
701,24
701,25
701,26
702,23
702,24
702,25
702,26
703,23
703,24
703,25
703,26
704,23
704,24
704,25
704,26
707,23
707,24
707,25
707,26
708,23
708,24
708,25
708,26
710,23
710,24
710,25
710,26
712,23
712,24
712,25
712,26
714,23
714,24
714,25
714,26
716,23
716,24
716,25
716,26
717,23
717,24
717,25
717,26
718,23
718,24
718,25
718,26
719,23
719,24
719,25
719,26
720,23
720,24
720,25
720,26
721,23
721,24
721,25
721,26
651,23
651,24
651,25
651,26
652,23
652,24
652,25
652,26
654,23
654,24
654,25
654,26
655,23
655,24
655,25
655,26
657,23
657,24
657,25
657,26
658,23
658,24
658,25
658,26
660,23
660,24
660,25
660,26
662,23
662,24
662,25
662,26
663,23
663,24
663,25
663,26
665,23
665,24
665,25
665,26
666,23
666,24
666,25
666,26
668,23
668,24
668,25
668,26
670,23
670,24
670,25
670,26
671,23
671,24
671,25
671,26
673,23
673,24
673,25
673,26
675,23
675,24
675,25
675,26
678,23
678,24
678,25
678,26
680,23
680,24
680,25
680,26
681,23
681,24
681,25
681,26
683,23
683,24
683,25
683,26
685,23
685,24
685,25
685,26
687,23
687,24
687,25
687,26
689,23
689,24
689,25
689,26
691,23
691,24
691,25
691,26
693,23
693,24
693,25
693,26
695,23
695,24
695,25
695,26
697,23
697,24
697,25
697,26
699,23
699,24
699,25
699,26
700,23
700,24
700,25
700,26
705,23
705,24
705,25
705,26
706,23
706,24
706,25
706,26
709,23
709,24
709,25
709,26
711,23
711,24
711,25
711,26
713,23
713,24
713,25
713,26
715,23
715,24
715,25
715,26
722,27
722,28
722,29
722,30
722,31
722,32
725,27
725,28
725,29
725,30
725,31
725,32
728,27
728,28
728,29
728,30
728,31
728,32
731,27
731,28
731,29
731,30
731,31
731,32
734,27
734,28
734,29
734,30
734,31
734,32
736,27
736,28
736,29
736,30
736,31
736,32
739,27
739,28
739,29
739,30
739,31
739,32
741,27
741,28
741,29
741,30
741,31
741,32
742,27
742,28
742,29
742,30
742,31
742,32
744,27
744,28
744,29
744,30
744,31
744,32
746,27
746,28
746,29
746,30
746,31
746,32
747,27
747,28
747,29
747,30
747,31
747,32
749,27
749,28
749,29
749,30
749,31
749,32
751,27
751,28
751,29
751,30
751,31
751,32
753,27
753,28
753,29
753,30
753,31
753,32
755,27
755,28
755,29
755,30
755,31
755,32
757,27
757,28
757,29
757,30
757,31
757,32
759,27
759,28
759,29
759,30
759,31
759,32
761,27
761,28
761,29
761,30
761,31
761,32
764,27
764,28
764,29
764,30
764,31
764,32
765,27
765,28
765,29
765,30
765,31
765,32
766,27
766,28
766,29
766,30
766,31
766,32
767,27
767,28
767,29
767,30
767,31
767,32
769,27
769,28
769,29
769,30
769,31
769,32
771,27
771,28
771,29
771,30
771,31
771,32
772,27
772,28
772,29
772,30
772,31
772,32
774,27
774,28
774,29
774,30
774,31
774,32
775,27
775,28
775,29
775,30
775,31
775,32
776,27
776,28
776,29
776,30
776,31
776,32
777,27
777,28
777,29
777,30
777,31
777,32
778,27
778,28
778,29
778,30
778,31
778,32
779,27
779,28
779,29
779,30
779,31
779,32
780,27
780,28
780,29
780,30
780,31
780,32
781,27
781,28
781,29
781,30
781,31
781,32
782,27
782,28
782,29
782,30
782,31
782,32
785,27
785,28
785,29
785,30
785,31
785,32
786,27
786,28
786,29
786,30
786,31
786,32
787,27
787,28
787,29
787,30
787,31
787,32
788,27
788,28
788,29
788,30
788,31
788,32
789,27
789,28
789,29
789,30
789,31
789,32
793,27
793,28
793,29
793,30
793,31
793,32
794,27
794,28
794,29
794,30
794,31
794,32
795,27
795,28
795,29
795,30
795,31
795,32
796,27
796,28
796,29
796,30
796,31
796,32
797,27
797,28
797,29
797,30
797,31
797,32
798,27
798,28
798,29
798,30
798,31
798,32
799,27
799,28
799,29
799,30
799,31
799,32
800,27
800,28
800,29
800,30
800,31
800,32
801,27
801,28
801,29
801,30
801,31
801,32
802,27
802,28
802,29
802,30
802,31
802,32
803,27
803,28
803,29
803,30
803,31
803,32
805,27
805,28
805,29
805,30
805,31
805,32
806,27
806,28
806,29
806,30
806,31
806,32
807,27
807,28
807,29
807,30
807,31
807,32
808,27
808,28
808,29
808,30
808,31
808,32
723,27
723,28
723,29
723,30
723,31
723,32
724,27
724,28
724,29
724,30
724,31
724,32
726,27
726,28
726,29
726,30
726,31
726,32
727,27
727,28
727,29
727,30
727,31
727,32
729,27
729,28
729,29
729,30
729,31
729,32
730,27
730,28
730,29
730,30
730,31
730,32
732,27
732,28
732,29
732,30
732,31
732,32
733,27
733,28
733,29
733,30
733,31
733,32
735,27
735,28
735,29
735,30
735,31
735,32
737,27
737,28
737,29
737,30
737,31
737,32
738,27
738,28
738,29
738,30
738,31
738,32
740,27
740,28
740,29
740,30
740,31
740,32
743,27
743,28
743,29
743,30
743,31
743,32
745,27
745,28
745,29
745,30
745,31
745,32
748,27
748,28
748,29
748,30
748,31
748,32
750,27
750,28
750,29
750,30
750,31
750,32
752,27
752,28
752,29
752,30
752,31
752,32
754,27
754,28
754,29
754,30
754,31
754,32
756,27
756,28
756,29
756,30
756,31
756,32
758,27
758,28
758,29
758,30
758,31
758,32
760,27
760,28
760,29
760,30
760,31
760,32
762,27
762,28
762,29
762,30
762,31
762,32
763,27
763,28
763,29
763,30
763,31
763,32
768,27
768,28
768,29
768,30
768,31
768,32
770,27
770,28
770,29
770,30
770,31
770,32
773,27
773,28
773,29
773,30
773,31
773,32
783,27
783,28
783,29
783,30
783,31
783,32
784,27
784,28
784,29
784,30
784,31
784,32
790,27
790,28
790,29
790,30
790,31
790,32
791,27
791,28
791,29
791,30
791,31
791,32
792,27
792,28
792,29
792,30
792,31
792,32
804,27
804,28
804,29
804,30
804,31
804,32
809,27
809,28
809,29
809,30
809,31
809,32
810,33
810,34
810,35
810,36
810,37
810,38
810,39
813,33
813,34
813,35
813,36
813,37
813,38
813,39
816,33
816,34
816,35
816,36
816,37
816,38
816,39
819,33
819,34
819,35
819,36
819,37
819,38
819,39
821,33
821,34
821,35
821,36
821,37
821,38
821,39
824,33
824,34
824,35
824,36
824,37
824,38
824,39
827,33
827,34
827,35
827,36
827,37
827,38
827,39
829,33
829,34
829,35
829,36
829,37
829,38
829,39
831,33
831,34
831,35
831,36
831,37
831,38
831,39
833,33
833,34
833,35
833,36
833,37
833,38
833,39
835,33
835,34
835,35
835,36
835,37
835,38
835,39
837,33
837,34
837,35
837,36
837,37
837,38
837,39
840,33
840,34
840,35
840,36
840,37
840,38
840,39
843,33
843,34
843,35
843,36
843,37
843,38
843,39
845,33
845,34
845,35
845,36
845,37
845,38
845,39
846,33
846,34
846,35
846,36
846,37
846,38
846,39
848,33
848,34
848,35
848,36
848,37
848,38
848,39
850,33
850,34
850,35
850,36
850,37
850,38
850,39
852,33
852,34
852,35
852,36
852,37
852,38
852,39
854,33
854,34
854,35
854,36
854,37
854,38
854,39
856,33
856,34
856,35
856,36
856,37
856,38
856,39
859,33
859,34
859,35
859,36
859,37
859,38
859,39
868,33
868,34
868,35
868,36
868,37
868,38
868,39
870,33
870,34
870,35
870,36
870,37
870,38
870,39
871,33
871,34
871,35
871,36
871,37
871,38
871,39
872,33
872,34
872,35
872,36
872,37
872,38
872,39
874,33
874,34
874,35
874,36
874,37
874,38
874,39
875,33
875,34
875,35
875,36
875,37
875,38
875,39
876,33
876,34
876,35
876,36
876,37
876,38
876,39
877,33
877,34
877,35
877,36
877,37
877,38
877,39
878,33
878,34
878,35
878,36
878,37
878,38
878,39
880,33
880,34
880,35
880,36
880,37
880,38
880,39
881,33
881,34
881,35
881,36
881,37
881,38
881,39
882,33
882,34
882,35
882,36
882,37
882,38
882,39
883,33
883,34
883,35
883,36
883,37
883,38
883,39
884,33
884,34
884,35
884,36
884,37
884,38
884,39
885,33
885,34
885,35
885,36
885,37
885,38
885,39
888,33
888,34
888,35
888,36
888,37
888,38
888,39
889,33
889,34
889,35
889,36
889,37
889,38
889,39
890,33
890,34
890,35
890,36
890,37
890,38
890,39
891,33
891,34
891,35
891,36
891,37
891,38
891,39
893,33
893,34
893,35
893,36
893,37
893,38
893,39
894,33
894,34
894,35
894,36
894,37
894,38
894,39
895,33
895,34
895,35
895,36
895,37
895,38
895,39
896,33
896,34
896,35
896,36
896,37
896,38
896,39
897,33
897,34
897,35
897,36
897,37
897,38
897,39
898,33
898,34
898,35
898,36
898,37
898,38
898,39
905,33
905,34
905,35
905,36
905,37
905,38
905,39
811,33
811,34
811,35
811,36
811,37
811,38
811,39
812,33
812,34
812,35
812,36
812,37
812,38
812,39
814,33
814,34
814,35
814,36
814,37
814,38
814,39
815,33
815,34
815,35
815,36
815,37
815,38
815,39
817,33
817,34
817,35
817,36
817,37
817,38
817,39
818,33
818,34
818,35
818,36
818,37
818,38
818,39
820,33
820,34
820,35
820,36
820,37
820,38
820,39
822,33
822,34
822,35
822,36
822,37
822,38
822,39
823,33
823,34
823,35
823,36
823,37
823,38
823,39
825,33
825,34
825,35
825,36
825,37
825,38
825,39
826,33
826,34
826,35
826,36
826,37
826,38
826,39
828,33
828,34
828,35
828,36
828,37
828,38
828,39
830,33
830,34
830,35
830,36
830,37
830,38
830,39
832,33
832,34
832,35
832,36
832,37
832,38
832,39
834,33
834,34
834,35
834,36
834,37
834,38
834,39
836,33
836,34
836,35
836,36
836,37
836,38
836,39
838,33
838,34
838,35
838,36
838,37
838,38
838,39
839,33
839,34
839,35
839,36
839,37
839,38
839,39
841,33
841,34
841,35
841,36
841,37
841,38
841,39
842,33
842,34
842,35
842,36
842,37
842,38
842,39
844,33
844,34
844,35
844,36
844,37
844,38
844,39
847,33
847,34
847,35
847,36
847,37
847,38
847,39
849,33
849,34
849,35
849,36
849,37
849,38
849,39
851,33
851,34
851,35
851,36
851,37
851,38
851,39
853,33
853,34
853,35
853,36
853,37
853,38
853,39
855,33
855,34
855,35
855,36
855,37
855,38
855,39
857,33
857,34
857,35
857,36
857,37
857,38
857,39
858,33
858,34
858,35
858,36
858,37
858,38
858,39
860,33
860,34
860,35
860,36
860,37
860,38
860,39
861,33
861,34
861,35
861,36
861,37
861,38
861,39
862,33
862,34
862,35
862,36
862,37
862,38
862,39
863,33
863,34
863,35
863,36
863,37
863,38
863,39
864,33
864,34
864,35
864,36
864,37
864,38
864,39
865,33
865,34
865,35
865,36
865,37
865,38
865,39
866,33
866,34
866,35
866,36
866,37
866,38
866,39
867,33
867,34
867,35
867,36
867,37
867,38
867,39
869,33
869,34
869,35
869,36
869,37
869,38
869,39
873,33
873,34
873,35
873,36
873,37
873,38
873,39
879,33
879,34
879,35
879,36
879,37
879,38
879,39
886,33
886,34
886,35
886,36
886,37
886,38
886,39
887,33
887,34
887,35
887,36
887,37
887,38
887,39
892,33
892,34
892,35
892,36
892,37
892,38
892,39
899,33
899,34
899,35
899,36
899,37
899,38
899,39
900,33
900,34
900,35
900,36
900,37
900,38
900,39
901,33
901,34
901,35
901,36
901,37
901,38
901,39
902,33
902,34
902,35
902,36
902,37
902,38
902,39
903,33
903,34
903,35
903,36
903,37
903,38
903,39
904,33
904,34
904,35
904,36
904,37
904,38
904,39
921,40
921,41
921,42
921,43
906,40
906,41
906,42
906,43
909,40
909,41
909,42
909,43
912,40
912,41
912,42
912,43
915,40
915,41
915,42
915,43
917,40
917,41
917,42
917,43
919,40
919,41
919,42
919,43
924,40
924,41
924,42
924,43
926,40
926,41
926,42
926,43
928,40
928,41
928,42
928,43
931,40
931,41
931,42
931,43
932,40
932,41
932,42
932,43
935,40
935,41
935,42
935,43
938,40
938,41
938,42
938,43
940,40
940,41
940,42
940,43
942,40
942,41
942,42
942,43
944,40
944,41
944,42
944,43
946,40
946,41
946,42
946,43
948,40
948,41
948,42
948,43
950,40
950,41
950,42
950,43
951,40
951,41
951,42
951,43
953,40
953,41
953,42
953,43
955,40
955,41
955,42
955,43
957,40
957,41
957,42
957,43
960,40
960,41
960,42
960,43
962,40
962,41
962,42
962,43
963,40
963,41
963,42
963,43
965,40
965,41
965,42
965,43
967,40
967,41
967,42
967,43
968,40
968,41
968,42
968,43
969,40
969,41
969,42
969,43
971,40
971,41
971,42
971,43
973,40
973,41
973,42
973,43
974,40
974,41
974,42
974,43
976,40
976,41
976,42
976,43
977,40
977,41
977,42
977,43
978,40
978,41
978,42
978,43
984,40
984,41
984,42
984,43
985,40
985,41
985,42
985,43
986,40
986,41
986,42
986,43
987,40
987,41
987,42
987,43
988,40
988,41
988,42
988,43
989,40
989,41
989,42
989,43
990,40
990,41
990,42
990,43
991,40
991,41
991,42
991,43
992,40
992,41
992,42
992,43
993,40
993,41
993,42
993,43
994,40
994,41
994,42
994,43
995,40
995,41
995,42
995,43
996,40
996,41
996,42
996,43
999,40
999,41
999,42
999,43
1001,40
1001,41
1001,42
1001,43
1002,40
1002,41
1002,42
1002,43
1003,40
1003,41
1003,42
1003,43
1004,40
1004,41
1004,42
1004,43
1005,40
1005,41
1005,42
1005,43
1006,40
1006,41
1006,42
1006,43
1007,40
1007,41
1007,42
1007,43
1008,40
1008,41
1008,42
1008,43
1009,40
1009,41
1009,42
1009,43
1010,40
1010,41
1010,42
1010,43
1012,40
1012,41
1012,42
1012,43
1014,40
1014,41
1014,42
1014,43
1015,40
1015,41
1015,42
1015,43
1016,40
1016,41
1016,42
1016,43
1017,40
1017,41
1017,42
1017,43
1020,40
1020,41
1020,42
1020,43
1021,40
1021,41
1021,42
1021,43
1022,40
1022,41
1022,42
1022,43
1023,40
1023,41
1023,42
1023,43
1024,40
1024,41
1024,42
1024,43
1025,40
1025,41
1025,42
1025,43
907,40
907,41
907,42
907,43
908,40
908,41
908,42
908,43
910,40
910,41
910,42
910,43
911,40
911,41
911,42
911,43
913,40
913,41
913,42
913,43
914,40
914,41
914,42
914,43
916,40
916,41
916,42
916,43
918,40
918,41
918,42
918,43
920,40
920,41
920,42
920,43
922,40
922,41
922,42
922,43
923,40
923,41
923,42
923,43
925,40
925,41
925,42
925,43
927,40
927,41
927,42
927,43
929,40
929,41
929,42
929,43
930,40
930,41
930,42
930,43
933,40
933,41
933,42
933,43
934,40
934,41
934,42
934,43
936,40
936,41
936,42
936,43
937,40
937,41
937,42
937,43
939,40
939,41
939,42
939,43
941,40
941,41
941,42
941,43
943,40
943,41
943,42
943,43
945,40
945,41
945,42
945,43
947,40
947,41
947,42
947,43
949,40
949,41
949,42
949,43
952,40
952,41
952,42
952,43
954,40
954,41
954,42
954,43
956,40
956,41
956,42
956,43
958,40
958,41
958,42
958,43
959,40
959,41
959,42
959,43
961,40
961,41
961,42
961,43
964,40
964,41
964,42
964,43
966,40
966,41
966,42
966,43
970,40
970,41
970,42
970,43
972,40
972,41
972,42
972,43
975,40
975,41
975,42
975,43
979,40
979,41
979,42
979,43
980,40
980,41
980,42
980,43
981,40
981,41
981,42
981,43
982,40
982,41
982,42
982,43
983,40
983,41
983,42
983,43
997,40
997,41
997,42
997,43
998,40
998,41
998,42
998,43
1000,40
1000,41
1000,42
1000,43
1011,40
1011,41
1011,42
1011,43
1013,40
1013,41
1013,42
1013,43
1018,40
1018,41
1018,42
1018,43
1019,40
1019,41
1019,42
1019,43
